{"general_device_name_count": [1.0, 2.0, 3.0, 4.0, 5.0, 6.0, 7.0, 8.0, 9.0, 10.0, 11.0, 12.0, 13.0, 14.0, 15.0, 16.0, 17.0, 18.0, 19.0, 20.0, 21.0, 22.0, 23.0, 24.0, 25.0, 26.0, 27.0, 28.0, 29.0, 30.0, 31.0, 32.0, 33.0, 34.0, 36.0, 37.0, 40.0, 48.0, 51.0, 54.0, 84.0, 85.0, 93.0, 104.0, 108.0, 115.0, 124.0, 160.0, 211.0, 372.0], "general_device_name_nunique": [1.0, 2.0, 3.0, 4.0, 5.0, 6.0, 7.0, 8.0, 9.0, 10.0, 11.0, 12.0, 13.0, 14.0], "time_since_last_mean": [0.0, 0.000125, 0.00015384615384615385, 0.00017857142857142857, 0.0002, 0.00025, 0.00030000000000000003, 0.0003333333333333333, 0.0004375, 0.0007272727272727273, 0.0014999999999999998, 0.0017894736842105265, 0.002, 0.002142857142857143, 0.002411764705882353, 0.002428571428571429, 0.002533333333333333, 0.0025714285714285717, 0.0027142857142857142, 0.00275, 0.0028888888888888888, 0.0031428571428571426, 0.0032142857142857142, 0.0033333333333333335, 0.0033749999999999995, 0.003857142857142857, 0.004, 0.0041428571428571434, 0.004285714285714286, 0.004571428571428572, 0.004714285714285714, 0.005090909090909091, 0.005111111111111111, 0.0055, 0.0055000000000000005, 0.005999999999999999, 0.006, 0.00661904761904762, 0.0067272727272727284, 0.0069375, 0.007, 0.009166666666666667, 0.01681818181818182, 0.018866666666666667, 0.019285714285714288, 0.022636363636363635, 0.0765, 0.08575, 0.0975, 0.09899999999999999], "time_since_last_max": [0.0, 0.001, 0.003, 0.004, 0.005, 0.006, 0.008, 0.009, 0.01, 0.011, 0.012, 0.013, 0.014, 0.015, 0.016, 0.017, 0.018, 0.019, 0.02, 0.021, 0.022, 0.023, 0.024, 0.025, 0.027, 0.029, 0.03, 0.032, 0.033, 0.035, 0.038, 0.039, 0.046, 0.048, 0.052, 0.103, 0.117, 0.13, 0.157, 0.204, 0.266, 0.428, 0.605, 0.649, 0.739, 0.746, 0.889, 0.937, 0.956, 0.973], "is_burst_sum": [0.0, 1.0, 2.0, 3.0, 4.0, 5.0, 6.0, 7.0, 8.0, 9.0, 10.0, 11.0, 12.0, 13.0, 14.0, 15.0, 16.0, 17.0, 18.0, 19.0, 20.0, 21.0, 22.0, 23.0, 25.0, 26.0, 27.0, 28.0, 33.0, 34.0, 35.0, 38.0, 43.0, 44.0, 45.0, 46.0, 47.0, 48.0, 49.0, 73.0, 76.0, 89.0, 91.0, 99.0, 113.0, 114.0, 122.0, 152.0, 203.0, 358.0], "is_burst_mean": [0.0, 0.1111111111111111, 0.125, 0.14285714285714285, 0.16666666666666666, 0.18181818181818182, 0.2, 0.2222222222222222, 0.25, 0.2727272727272727, 0.2857142857142857, 0.3125, 0.3333333333333333, 0.35714285714285715, 0.375, 0.38461538461538464, 0.4, 0.4166666666666667, 0.42857142857142855, 0.4444444444444444, 0.45, 0.46153846153846156, 0.4666666666666667, 0.47368421052631576, 0.47619047619047616, 0.5, 0.52, 0.5238095238095238, 0.5416666666666666, 0.55, 0.5555555555555556, 0.56, 0.5789473684210527, 0.5833333333333334, 0.6, 0.625, 0.6666666666666666, 0.6875, 0.7037037037037037, 0.7619047619047619, 0.8, 0.8333333333333334, 0.8461538461538461, 0.8571428571428571, 0.8823529411764706, 0.8928571428571429, 0.9519230769230769, 0.9583333333333334, 0.9623655913978495, 1.0], "msg_len_mean": [1.0, 1.5, 2.0, 3.0, 3.8181818181818183, 3.8333333333333335, 3.875, 3.888888888888889, 4.0, 4.125, 4.2, 4.25, 4.285714285714286, 4.3125, 4.380952380952381, 4.4, 4.428571428571429, 4.5, 4.533333333333333, 4.571428571428571, 4.6, 4.642857142857143, 4.666666666666667, 4.6923076923076925, 4.733333333333333, 4.777777777777778, 4.857142857142857, 4.909090909090909, 5.0, 5.083333333333333, 5.090909090909091, 5.230769230769231, 5.909090909090909, 5.9411764705882355, 5.951923076923077, 6.0, 6.222222222222222, 6.285714285714286, 6.293010752688172, 6.333333333333333, 6.444444444444445, 6.55, 6.631578947368421, 6.722222222222222, 7.642857142857143, 7.875, 9.6, 10.0, 10.166666666666666, 14.666666666666666], "msg_len_std": [0.0, 0.44721359549995804, 0.5345224838248487, 0.5345224838248488, 0.5477225575051662, 0.5773502691896255, 0.6741998624632419, 0.7071067811865476, 0.7302967433402217, 0.752772652709081, 0.7559289460184544, 0.786795792469443, 0.7867957924694431, 0.7888106377466154, 0.8366600265340756, 0.8864052604279182, 0.8944271909999159, 0.9910312089651148, 0.9962049198956218, 1.0127393670836664, 1.0818177620697813, 1.15072838853303, 1.1507283885330302, 1.162919151265879, 1.1821319289469756, 1.1872336794093272, 1.1872336794093274, 1.1954775893619531, 1.4709304414677002, 1.6158932858054431, 1.6575943555704598, 1.7268882005337975, 1.7320508075688772, 1.8090680674665816, 2.1213203435596424, 2.165850662190053, 2.23606797749979, 3.401680257083045, 3.772516939388214, 3.848223425090046, 4.163331998932265, 4.414850970407618, 4.773556546775492, 4.867243416918057, 5.165559653701399, 5.488624600025037, 6.928203230275509, 7.196780585348618, 7.890923055426828, 8.020806277010642], "mqtt_topic_entropie": [0.0, 0.5004024235381879, 0.6365141682948128, 0.666278442414676, 0.6931471805599453, 1.0986122886681096, 1.286057336874379, 1.313834033192747, 1.3321790402101223, 1.351783994289646, 1.3686896376228386, 1.4741083800990982, 1.6094379124341005, 1.6707155911816225, 1.7500112942329407, 1.791759469228055, 1.8143075196071252, 1.8200759753606217, 1.9061547465398496, 1.945910149055314, 2.0233462061204124, 2.0253262207700677, 2.0794415416798357, 2.1383972463477248, 2.163955656882057, 2.1972245773362196, 2.2718685126965625, 2.3025850929940455, 2.3978952727983707, 2.484906649788001, 2.564949357461537, 2.615630577027551, 2.6390573296152584, 2.6873782213147535, 2.7080502011022105, 2.772588722239781, 2.7737179750213112, 2.833213344056216, 2.890371757896165, 2.9444389791664403, 2.9650156932565075, 2.9785084205272367, 2.9957322735539904, 3.014946880179594, 3.0445224377234217, 3.0910424533583156, 3.1354942159291497, 3.163424050423405, 3.1780538303479453, 3.2188758248682], "mqtt_topic_nunique": [1.0, 2.0, 3.0, 4.0, 5.0, 6.0, 7.0, 8.0, 9.0, 10.0, 11.0, 12.0, 13.0, 14.0, 15.0, 16.0, 17.0, 18.0, 19.0, 20.0, 21.0, 22.0, 23.0, 24.0, 25.0, 26.0, 27.0, 28.0, 29.0], "general_ip_nunique": [1.0, 2.0, 3.0, 4.0, 5.0, 6.0, 7.0, 8.0, 9.0, 10.0, 11.0, 12.0, 13.0, 14.0], "msg_count_per_ip_in_window_max": [1.0, 2.0, 3.0, 4.0, 5.0, 6.0, 7.0, 8.0, 9.0, 10.0, 11.0, 12.0, 13.0, 14.0, 15.0, 16.0, 17.0, 18.0, 19.0, 20.0, 21.0, 22.0, 23.0, 24.0, 25.0, 26.0, 27.0, 28.0, 30.0, 31.0, 34.0, 35.0, 41.0, 42.0, 43.0, 44.0, 47.0, 48.0, 54.0, 55.0, 65.0, 66.0, 77.0, 78.0, 93.0, 104.0, 105.0, 112.0, 115.0, 168.0], "msg_rate": [1.0, 2.0, 3.0, 4.0, 5.0, 6.0, 7.0, 8.0, 9.0, 10.0, 11.0, 12.0, 13.0, 14.0, 15.0, 16.0, 17.0, 18.0, 19.0, 20.0, 21.0, 22.0, 23.0, 24.0, 25.0, 26.0, 27.0, 28.0, 29.0, 30.0, 31.0, 32.0, 33.0, 34.0, 36.0, 37.0, 40.0, 48.0, 51.0, 54.0, 84.0, 85.0, 93.0, 104.0, 108.0, 115.0, 124.0, 160.0, 211.0, 372.0], "burst_ratio": [0.0, 0.11111111109876542, 0.124999999984375, 0.1428571428367347, 0.16666666663888888, 0.18181818180165288, 0.22222222219753085, 0.24999999996875, 0.24999999997916666, 0.2727272727024793, 0.2857142856734694, 0.31249999998046873, 0.3333333332222222, 0.35714285711734695, 0.374999999953125, 0.3846153845857988, 0.39999999997333335, 0.41666666663194446, 0.4285714285408163, 0.4444444443950617, 0.4615384615029586, 0.46666666663555556, 0.49999999975, 0.49999999991666666, 0.49999999995833333, 0.49999999996428574, 0.49999999996875, 0.499999999975, 0.5555555555246914, 0.5789473683905817, 0.5833333332847223, 0.59999999988, 0.59999999994, 0.624999999921875, 0.6249999999739584, 0.6666666664444444, 0.6874999999570313, 0.7037037036776406, 0.7619047618684808, 0.79999999984, 0.79999999992, 0.8333333332638889, 0.8461538460887574, 0.8571428570204082, 0.8823529411245675, 0.8928571428252551, 0.9519230769139237, 0.9583333332934028, 0.9623655913952625, 0.9999999989999999],