{"accuracy": [0.9355246424674988, 0.9535289406776428, 0.9620951414108276, 0.967261016368866, 0.9712716341018677, 0.9756092429161072, 0.9776581525802612, 0.9797070622444153, 0.9817995429039001, 0.9840010404586792], "loss": [0.17971090972423553, 0.12656226754188538, 0.10500140488147736, 0.09090743958950043, 0.07863153517246246, 0.06917376071214676, 0.0622214712202549, 0.0559861958026886, 0.050317779183387756, 0.04493445158004761], "val_accuracy": [0.9488968253135681, 0.9572686553001404, 0.9625011086463928, 0.9661637544631958, 0.9690415859222412, 0.972006618976593, 0.9714834094047546, 0.971570611000061, 0.9753204584121704, 0.9785471558570862], "val_loss": [0.1308155655860901, 0.1091146469116211, 0.09576128423213959, 0.08713945746421814, 0.08389735966920853, 0.07552340626716614, 0.07886172086000443, 0.07902435958385468, 0.06808118522167206, 0.0653490424156189]}